
<resources>
    <color name="seed">#e86c82</color>
    <color name="md_theme_light_primary">#A4384F</color>
    <color name="md_theme_light_onPrimary">#FFFFFF</color>
    <color name="md_theme_light_primaryContainer">#FFD9DD</color>
    <color name="md_theme_light_onPrimaryContainer">#400012</color>
    <color name="md_theme_light_secondary">#7C3FB7</color>
    <color name="md_theme_light_onSecondary">#FFFFFF</color>
    <color name="md_theme_light_secondaryContainer">#F0DBFF</color>
    <color name="md_theme_light_onSecondaryContainer">#2C0051</color>
    <color name="md_theme_light_tertiary">#5D6300</color>
    <color name="md_theme_light_onTertiary">#FFFFFF</color>
    <color name="md_theme_light_tertiaryContainer">#E2EA74</color>
    <color name="md_theme_light_onTertiaryContainer">#1B1D00</color>
    <color name="md_theme_light_error">#BA1A1A</color>
    <color name="md_theme_light_errorContainer">#FFDAD6</color>
    <color name="md_theme_light_onError">#FFFFFF</color>
    <color name="md_theme_light_onErrorContainer">#410002</color>
    <color name="md_theme_light_background">#FFFBFF</color>
    <color name="md_theme_light_onBackground">#201A1B</color>
    <color name="md_theme_light_surface">#FFFBFF</color>
    <color name="md_theme_light_onSurface">#201A1B</color>
    <color name="md_theme_light_surfaceVariant">#F4DDDF</color>
    <color name="md_theme_light_onSurfaceVariant">#524344</color>
    <color name="md_theme_light_outline">#847374</color>
    <color name="md_theme_light_inverseOnSurface">#FBEEEE</color>
    <color name="md_theme_light_inverseSurface">#362F2F</color>
    <color name="md_theme_light_inversePrimary">#FFB2BC</color>
    <color name="md_theme_light_shadow">#000000</color>
    <color name="md_theme_light_surfaceTint">#A4384F</color>
    <color name="md_theme_light_outlineVariant">#D7C1C3</color>
    <color name="md_theme_light_scrim">#000000</color>
    <color name="md_theme_dark_primary">#FFB2BC</color>
    <color name="md_theme_dark_onPrimary">#650423</color>
    <color name="md_theme_dark_primaryContainer">#842038</color>
    <color name="md_theme_dark_onPrimaryContainer">#FFD9DD</color>
    <color name="md_theme_dark_secondary">#DDB8FF</color>
    <color name="md_theme_dark_onSecondary">#490081</color>
    <color name="md_theme_dark_secondaryContainer">#62239D</color>
    <color name="md_theme_dark_onSecondaryContainer">#F0DBFF</color>
    <color name="md_theme_dark_tertiary">#C5CE5C</color>
    <color name="md_theme_dark_onTertiary">#303300</color>
    <color name="md_theme_dark_tertiaryContainer">#464A00</color>
    <color name="md_theme_dark_onTertiaryContainer">#E2EA74</color>
    <color name="md_theme_dark_error">#FFB4AB</color>
    <color name="md_theme_dark_errorContainer">#93000A</color>
    <color name="md_theme_dark_onError">#690005</color>
    <color name="md_theme_dark_onErrorContainer">#FFDAD6</color>
    <color name="md_theme_dark_background">#201A1B</color>
    <color name="md_theme_dark_onBackground">#ECE0E0</color>
    <color name="md_theme_dark_surface">#201A1B</color>
    <color name="md_theme_dark_onSurface">#ECE0E0</color>
    <color name="md_theme_dark_surfaceVariant">#524344</color>
    <color name="md_theme_dark_onSurfaceVariant">#D7C1C3</color>
    <color name="md_theme_dark_outline">#9F8C8E</color>
    <color name="md_theme_dark_inverseOnSurface">#201A1B</color>
    <color name="md_theme_dark_inverseSurface">#ECE0E0</color>
    <color name="md_theme_dark_inversePrimary">#A4384F</color>
    <color name="md_theme_dark_shadow">#000000</color>
    <color name="md_theme_dark_surfaceTint">#FFB2BC</color>
    <color name="md_theme_dark_outlineVariant">#524344</color>
    <color name="md_theme_dark_scrim">#000000</color>
</resources>
