
<resources>
    <color name="seed">#FFD4DC</color>
    <color name="md_theme_light_primary">#9A405A</color>
    <color name="md_theme_light_onPrimary">#FFFFFF</color>
    <color name="md_theme_light_primaryContainer">#FFD9E0</color>
    <color name="md_theme_light_onPrimaryContainer">#3F0019</color>
    <color name="md_theme_light_secondary">#8C4381</color>
    <color name="md_theme_light_onSecondary">#FFFFFF</color>
    <color name="md_theme_light_secondaryContainer">#FFD7F2</color>
    <color name="md_theme_light_onSecondaryContainer">#390035</color>
    <color name="md_theme_light_tertiary">#804893</color>
    <color name="md_theme_light_onTertiary">#FFFFFF</color>
    <color name="md_theme_light_tertiaryContainer">#FAD7FF</color>
    <color name="md_theme_light_onTertiaryContainer">#330045</color>
    <color name="md_theme_light_error">#BA1A1A</color>
    <color name="md_theme_light_errorContainer">#FFDAD6</color>
    <color name="md_theme_light_onError">#FFFFFF</color>
    <color name="md_theme_light_onErrorContainer">#410002</color>
    <color name="md_theme_light_background">#FFFBFF</color>
    <color name="md_theme_light_onBackground">#201A1B</color>
    <color name="md_theme_light_surface">#FFFBFF</color>
    <color name="md_theme_light_onSurface">#201A1B</color>
    <color name="md_theme_light_surfaceVariant">#F3DDE0</color>
    <color name="md_theme_light_onSurfaceVariant">#514346</color>
    <color name="md_theme_light_outline">#847376</color>
    <color name="md_theme_light_inverseOnSurface">#FAEEEF</color>
    <color name="md_theme_light_inverseSurface">#352F30</color>
    <color name="md_theme_light_inversePrimary">#FFB1C3</color>
    <color name="md_theme_light_shadow">#000000</color>
    <color name="md_theme_light_surfaceTint">#9A405A</color>
    <color name="md_theme_light_outlineVariant">#D6C2C5</color>
    <color name="md_theme_light_scrim">#000000</color>
    <color name="md_theme_dark_primary">#FFB1C3</color>
    <color name="md_theme_dark_onPrimary">#5E112D</color>
    <color name="md_theme_dark_primaryContainer">#7C2943</color>
    <color name="md_theme_dark_onPrimaryContainer">#FFD9E0</color>
    <color name="md_theme_dark_secondary">#FFACED</color>
    <color name="md_theme_dark_onSecondary">#56124F</color>
    <color name="md_theme_dark_secondaryContainer">#712B68</color>
    <color name="md_theme_dark_onSecondaryContainer">#FFD7F2</color>
    <color name="md_theme_dark_tertiary">#EEB0FF</color>
    <color name="md_theme_dark_onTertiary">#4D1660</color>
    <color name="md_theme_dark_tertiaryContainer">#662F79</color>
    <color name="md_theme_dark_onTertiaryContainer">#FAD7FF</color>
    <color name="md_theme_dark_error">#FFB4AB</color>
    <color name="md_theme_dark_errorContainer">#93000A</color>
    <color name="md_theme_dark_onError">#690005</color>
    <color name="md_theme_dark_onErrorContainer">#FFDAD6</color>
    <color name="md_theme_dark_background">#201A1B</color>
    <color name="md_theme_dark_onBackground">#ECE0E1</color>
    <color name="md_theme_dark_surface">#201A1B</color>
    <color name="md_theme_dark_onSurface">#ECE0E1</color>
    <color name="md_theme_dark_surfaceVariant">#514346</color>
    <color name="md_theme_dark_onSurfaceVariant">#D6C2C5</color>
    <color name="md_theme_dark_outline">#9E8C8F</color>
    <color name="md_theme_dark_inverseOnSurface">#201A1B</color>
    <color name="md_theme_dark_inverseSurface">#ECE0E1</color>
    <color name="md_theme_dark_inversePrimary">#9A405A</color>
    <color name="md_theme_dark_shadow">#000000</color>
    <color name="md_theme_dark_surfaceTint">#FFB1C3</color>
    <color name="md_theme_dark_outlineVariant">#514346</color>
    <color name="md_theme_dark_scrim">#000000</color>
</resources>
