
<resources>
    <color name="seed">#fcdea4</color>
    <color name="md_theme_light_primary">#795900</color>
    <color name="md_theme_light_onPrimary">#FFFFFF</color>
    <color name="md_theme_light_primaryContainer">#FFDF9F</color>
    <color name="md_theme_light_onPrimaryContainer">#261A00</color>
    <color name="md_theme_light_secondary">#366A21</color>
    <color name="md_theme_light_onSecondary">#FFFFFF</color>
    <color name="md_theme_light_secondaryContainer">#B6F399</color>
    <color name="md_theme_light_onSecondaryContainer">#052100</color>
    <color name="md_theme_light_tertiary">#7B5900</color>
    <color name="md_theme_light_onTertiary">#FFFFFF</color>
    <color name="md_theme_light_tertiaryContainer">#FFDEA4</color>
    <color name="md_theme_light_onTertiaryContainer">#261900</color>
    <color name="md_theme_light_error">#BA1A1A</color>
    <color name="md_theme_light_errorContainer">#FFDAD6</color>
    <color name="md_theme_light_onError">#FFFFFF</color>
    <color name="md_theme_light_onErrorContainer">#410002</color>
    <color name="md_theme_light_background">#FFFBFF</color>
    <color name="md_theme_light_onBackground">#1E1B16</color>
    <color name="md_theme_light_surface">#FFFBFF</color>
    <color name="md_theme_light_onSurface">#1E1B16</color>
    <color name="md_theme_light_surfaceVariant">#EDE1CF</color>
    <color name="md_theme_light_onSurfaceVariant">#4D4639</color>
    <color name="md_theme_light_outline">#7F7667</color>
    <color name="md_theme_light_inverseOnSurface">#F8EFE7</color>
    <color name="md_theme_light_inverseSurface">#34302A</color>
    <color name="md_theme_light_inversePrimary">#F3BF48</color>
    <color name="md_theme_light_shadow">#000000</color>
    <color name="md_theme_light_surfaceTint">#795900</color>
    <color name="md_theme_light_outlineVariant">#D0C5B4</color>
    <color name="md_theme_light_scrim">#000000</color>
    <color name="md_theme_dark_primary">#F3BF48</color>
    <color name="md_theme_dark_onPrimary">#402D00</color>
    <color name="md_theme_dark_primaryContainer">#5B4300</color>
    <color name="md_theme_dark_onPrimaryContainer">#FFDF9F</color>
    <color name="md_theme_dark_secondary">#9BD67F</color>
    <color name="md_theme_dark_onSecondary">#0D3900</color>
    <color name="md_theme_dark_secondaryContainer">#1D5109</color>
    <color name="md_theme_dark_onSecondaryContainer">#B6F399</color>
    <color name="md_theme_dark_tertiary">#F5BE48</color>
    <color name="md_theme_dark_onTertiary">#412D00</color>
    <color name="md_theme_dark_tertiaryContainer">#5D4200</color>
    <color name="md_theme_dark_onTertiaryContainer">#FFDEA4</color>
    <color name="md_theme_dark_error">#FFB4AB</color>
    <color name="md_theme_dark_errorContainer">#93000A</color>
    <color name="md_theme_dark_onError">#690005</color>
    <color name="md_theme_dark_onErrorContainer">#FFDAD6</color>
    <color name="md_theme_dark_background">#1E1B16</color>
    <color name="md_theme_dark_onBackground">#E9E1D8</color>
    <color name="md_theme_dark_surface">#1E1B16</color>
    <color name="md_theme_dark_onSurface">#E9E1D8</color>
    <color name="md_theme_dark_surfaceVariant">#4D4639</color>
    <color name="md_theme_dark_onSurfaceVariant">#D0C5B4</color>
    <color name="md_theme_dark_outline">#998F80</color>
    <color name="md_theme_dark_inverseOnSurface">#1E1B16</color>
    <color name="md_theme_dark_inverseSurface">#E9E1D8</color>
    <color name="md_theme_dark_inversePrimary">#795900</color>
    <color name="md_theme_dark_shadow">#000000</color>
    <color name="md_theme_dark_surfaceTint">#F3BF48</color>
    <color name="md_theme_dark_outlineVariant">#4D4639</color>
    <color name="md_theme_dark_scrim">#000000</color>
</resources>
