
<resources>
    <color name="seed">#1364b3</color>
    <color name="md_theme_light_primary">#045FAE</color>
    <color name="md_theme_light_onPrimary">#FFFFFF</color>
    <color name="md_theme_light_primaryContainer">#D4E3FF</color>
    <color name="md_theme_light_onPrimaryContainer">#001C3A</color>
    <color name="md_theme_light_secondary">#7E5700</color>
    <color name="md_theme_light_onSecondary">#FFFFFF</color>
    <color name="md_theme_light_secondaryContainer">#FFDEAB</color>
    <color name="md_theme_light_onSecondaryContainer">#271900</color>
    <color name="md_theme_light_tertiary">#006D3C</color>
    <color name="md_theme_light_onTertiary">#FFFFFF</color>
    <color name="md_theme_light_tertiaryContainer">#98F7B6</color>
    <color name="md_theme_light_onTertiaryContainer">#00210E</color>
    <color name="md_theme_light_error">#BA1A1A</color>
    <color name="md_theme_light_errorContainer">#FFDAD6</color>
    <color name="md_theme_light_onError">#FFFFFF</color>
    <color name="md_theme_light_onErrorContainer">#410002</color>
    <color name="md_theme_light_background">#FDFCFF</color>
    <color name="md_theme_light_onBackground">#1A1C1E</color>
    <color name="md_theme_light_surface">#FDFCFF</color>
    <color name="md_theme_light_onSurface">#1A1C1E</color>
    <color name="md_theme_light_surfaceVariant">#E0E2EC</color>
    <color name="md_theme_light_onSurfaceVariant">#43474E</color>
    <color name="md_theme_light_outline">#74777F</color>
    <color name="md_theme_light_inverseOnSurface">#F1F0F4</color>
    <color name="md_theme_light_inverseSurface">#2F3033</color>
    <color name="md_theme_light_inversePrimary">#A5C8FF</color>
    <color name="md_theme_light_shadow">#000000</color>
    <color name="md_theme_light_surfaceTint">#045FAE</color>
    <color name="md_theme_light_outlineVariant">#C3C6CF</color>
    <color name="md_theme_light_scrim">#000000</color>
    <color name="md_theme_dark_primary">#A5C8FF</color>
    <color name="md_theme_dark_onPrimary">#00315E</color>
    <color name="md_theme_dark_primaryContainer">#004785</color>
    <color name="md_theme_dark_onPrimaryContainer">#D4E3FF</color>
    <color name="md_theme_dark_secondary">#FCBB3E</color>
    <color name="md_theme_dark_onSecondary">#422C00</color>
    <color name="md_theme_dark_secondaryContainer">#5F4100</color>
    <color name="md_theme_dark_onSecondaryContainer">#FFDEAB</color>
    <color name="md_theme_dark_tertiary">#7CDA9C</color>
    <color name="md_theme_dark_onTertiary">#00391D</color>
    <color name="md_theme_dark_tertiaryContainer">#00522C</color>
    <color name="md_theme_dark_onTertiaryContainer">#98F7B6</color>
    <color name="md_theme_dark_error">#FFB4AB</color>
    <color name="md_theme_dark_errorContainer">#93000A</color>
    <color name="md_theme_dark_onError">#690005</color>
    <color name="md_theme_dark_onErrorContainer">#FFDAD6</color>
    <color name="md_theme_dark_background">#1A1C1E</color>
    <color name="md_theme_dark_onBackground">#E3E2E6</color>
    <color name="md_theme_dark_surface">#1A1C1E</color>
    <color name="md_theme_dark_onSurface">#E3E2E6</color>
    <color name="md_theme_dark_surfaceVariant">#43474E</color>
    <color name="md_theme_dark_onSurfaceVariant">#C3C6CF</color>
    <color name="md_theme_dark_outline">#8D9199</color>
    <color name="md_theme_dark_inverseOnSurface">#1A1C1E</color>
    <color name="md_theme_dark_inverseSurface">#E3E2E6</color>
    <color name="md_theme_dark_inversePrimary">#045FAE</color>
    <color name="md_theme_dark_shadow">#000000</color>
    <color name="md_theme_dark_surfaceTint">#A5C8FF</color>
    <color name="md_theme_dark_outlineVariant">#43474E</color>
    <color name="md_theme_dark_scrim">#000000</color>
</resources>
