
<resources>
    <color name="seed">#ffffcc</color>
    <color name="md_theme_light_primary">#5F6200</color>
    <color name="md_theme_light_onPrimary">#FFFFFF</color>
    <color name="md_theme_light_primaryContainer">#E5E972</color>
    <color name="md_theme_light_onPrimaryContainer">#1C1D00</color>
    <color name="md_theme_light_secondary">#735C00</color>
    <color name="md_theme_light_onSecondary">#FFFFFF</color>
    <color name="md_theme_light_secondaryContainer">#FFE084</color>
    <color name="md_theme_light_onSecondaryContainer">#231B00</color>
    <color name="md_theme_light_tertiary">#9C4140</color>
    <color name="md_theme_light_onTertiary">#FFFFFF</color>
    <color name="md_theme_light_tertiaryContainer">#FFDAD7</color>
    <color name="md_theme_light_onTertiaryContainer">#410005</color>
    <color name="md_theme_light_error">#BA1A1A</color>
    <color name="md_theme_light_errorContainer">#FFDAD6</color>
    <color name="md_theme_light_onError">#FFFFFF</color>
    <color name="md_theme_light_onErrorContainer">#410002</color>
    <color name="md_theme_light_background">#FFFBFF</color>
    <color name="md_theme_light_onBackground">#1C1C17</color>
    <color name="md_theme_light_surface">#FFFBFF</color>
    <color name="md_theme_light_onSurface">#1C1C17</color>
    <color name="md_theme_light_surfaceVariant">#E5E3D1</color>
    <color name="md_theme_light_onSurfaceVariant">#48473B</color>
    <color name="md_theme_light_outline">#797869</color>
    <color name="md_theme_light_inverseOnSurface">#F4F0E8</color>
    <color name="md_theme_light_inverseSurface">#31312B</color>
    <color name="md_theme_light_inversePrimary">#C8CD59</color>
    <color name="md_theme_light_shadow">#000000</color>
    <color name="md_theme_light_surfaceTint">#5F6200</color>
    <color name="md_theme_light_outlineVariant">#C9C7B6</color>
    <color name="md_theme_light_scrim">#000000</color>
    <color name="md_theme_dark_primary">#C8CD59</color>
    <color name="md_theme_dark_onPrimary">#313300</color>
    <color name="md_theme_dark_primaryContainer">#474A00</color>
    <color name="md_theme_dark_onPrimaryContainer">#E5E972</color>
    <color name="md_theme_dark_secondary">#E8C349</color>
    <color name="md_theme_dark_onSecondary">#3C2F00</color>
    <color name="md_theme_dark_secondaryContainer">#574500</color>
    <color name="md_theme_dark_onSecondaryContainer">#FFE084</color>
    <color name="md_theme_dark_tertiary">#FFB3AF</color>
    <color name="md_theme_dark_onTertiary">#5F1316</color>
    <color name="md_theme_dark_tertiaryContainer">#7E2A2A</color>
    <color name="md_theme_dark_onTertiaryContainer">#FFDAD7</color>
    <color name="md_theme_dark_error">#FFB4AB</color>
    <color name="md_theme_dark_errorContainer">#93000A</color>
    <color name="md_theme_dark_onError">#690005</color>
    <color name="md_theme_dark_onErrorContainer">#FFDAD6</color>
    <color name="md_theme_dark_background">#1C1C17</color>
    <color name="md_theme_dark_onBackground">#E5E2DA</color>
    <color name="md_theme_dark_surface">#1C1C17</color>
    <color name="md_theme_dark_onSurface">#E5E2DA</color>
    <color name="md_theme_dark_surfaceVariant">#48473B</color>
    <color name="md_theme_dark_onSurfaceVariant">#C9C7B6</color>
    <color name="md_theme_dark_outline">#939182</color>
    <color name="md_theme_dark_inverseOnSurface">#1C1C17</color>
    <color name="md_theme_dark_inverseSurface">#E5E2DA</color>
    <color name="md_theme_dark_inversePrimary">#5F6200</color>
    <color name="md_theme_dark_shadow">#000000</color>
    <color name="md_theme_dark_surfaceTint">#C8CD59</color>
    <color name="md_theme_dark_outlineVariant">#48473B</color>
    <color name="md_theme_dark_scrim">#000000</color>
</resources>
